Source;Target;Weight
300;301;121
512;299;670
301;300;504
401;457;1
512;1;5
512;1;28
19;47;619
687;310;11
300;301;74
634;681;20
466;183;2
225;574;5
584;582;1
584;582;28
466;183;3
584;582;11
466;42;55
480;210;1
267;269;1
269;267;112
678;470;18
222;471;9
222;471;2
222;471;201
152;405;110
471;222;38
289;578;5
289;578;4
289;578;1
90;91;111
269;267;67
267;269;9
669;283;83
289;578;2
42;466;45
139;546;743
139;546;743
474;639;169
289;578;2
19;47;74
341;89;22
341;89;23
278;31;8
218;382;3
514;278;2
278;514;13
172;640;659
696;306;1
19;595;286
382;218;104
12;13;1
12;13;1
256;845;55
76;31;7
72;73;143
561;631;515
12;13;1
12;13;1
297;374;3
289;578;1
650;136;142
12;13;1
12;13;1
24;82;199
121;288;2290
289;752;18
640;172;7
81;374;36
622;39;1
8;419;1
419;8;1
8;419;1
419;8;48
622;39;34
8;592;68
39;622;3
622;39;61
668;252;1
252;668;28
121;288;26
651;623;1
651;623;5
651;623;5
651;623;4
623;651;105
651;623;31
49;171;101
185;210;20
622;39;99
185;210;142
720;342;1
342;720;52
342;720;1
90;91;604
678;470;21
714;243;1
714;243;1
491;208;2
91;90;4
208;491;2
91;90;4
467;207;1
467;560;15
491;208;3
208;491;264
243;714;57
688;405;1
185;210;60
90;91;81
185;210;4
185;210;2
210;185;26
744;133;44
171;49;111
424;785;1
623;651;358
128;208;1
49;357;358
92;676;1
92;676;1
623;651;108
623;651;365
221;52;5
771;547;27
221;52;1
688;405;6
225;337;1
49;357;307
578;289;124
208;1;19
49;357;154
59;438;103
59;438;103
337;225;475
289;578;112
152;405;1
39;622;101
96;190;2
677;652;1
677;652;3
89;341;24
27;371;2
301;300;23
652;677;53
342;401;109
401;169;58
449;47;203
401;169;58
449;47;41
401;342;87
167;423;1
167;423;2
12;492;112
49;48;69
267;268;165
652;677;1
4;424;16
645;235;1
235;645;63
567;386;33
39;622;2
622;39;1
622;39;1
39;622;231
91;90;273
441;580;48
580;441;2
21;20;1
21;20;1
21;20;1
390;683;1
21;20;18
341;89;1
424;266;171
289;578;21
512;36;3
643;567;1
289;752;3
91;90;343
111;421;27
595;19;35
172;640;3
788;394;1
394;788;2
788;394;71
495;420;1029
495;420;1029
468;116;14
683;390;1
683;363;63
354;666;22
390;683;1
273;397;3
194;294;19
1;512;3
273;585;1
273;585;1
678;470;3
397;273;42
678;470;1
36;512;45
36;512;1
470;678;40
812;179;10
190;372;22
140;830;2
136;137;25
137;136;134
140;830;2
140;830;1
701;248;46
221;4;82
221;4;82
8;419;1
8;419;1
688;158;30
420;495;1
420;495;3
428;206;133
812;656;24
595;19;34
495;420;5
495;420;43
495;420;43
420;495;1057
420;495;1057
623;651;229
20;21;128
578;289;128
289;578;7
505;572;50
589;291;1
578;289;75
572;505;1
572;505;1
572;505;1
572;505;2
572;505;16
88;572;36
88;572;10
362;495;1
401;190;2
267;269;66
623;651;521
267;269;56
494;57;1
225;337;1
49;48;76
678;470;84
845;256;48
337;225;3
337;225;144
269;267;9
269;267;31
256;845;17
391;617;478
27;371;98
337;225;59
420;495;273
420;495;271
578;176;1300
96;780;30
20;21;364
455;129;1
91;90;1
21;20;4
39;622;9
21;20;2
20;21;21
578;289;62
21;20;1
21;20;1
428;206;1
640;172;1
567;676;23
428;206;79
20;442;2
428;206;1
428;206;30
206;428;3
428;206;41
639;474;1
474;639;1
435;782;33
495;420;40
495;420;40
185;210;44
299;237;33
51;75;1
51;75;1
388;506;51
356;210;1
356;210;1
356;210;1
185;356;3
356;210;60
356;210;60
75;51;197
472;537;3
736;207;1
145;146;83
644;415;44
19;595;55
554;638;36
214;430;44
415;158;2
21;20;48
6;406;52
557;419;19
63;805;148
289;578;55
638;554;11
670;344;10
670;344;53
405;152;19
682;383;64
289;752;26
278;335;27
656;179;36
643;92;67
279;617;84
279;617;98
569;465;3
623;651;1328
301;300;26
266;418;83
569;465;2
444;801;13
801;444;99
304;163;25
569;465;1
289;578;1
145;146;1
145;146;1
289;578;46
145;146;1
697;202;22
146;145;1440
145;146;995
289;578;14
403;268;2
91;90;4
90;91;127
390;683;1
289;578;92
289;578;194
652;677;1
39;622;39
335;278;14
278;335;7
278;335;6
278;335;9
677;652;1
677;652;2
267;403;24
449;47;3
449;47;3
267;403;7
622;39;118
260;459;1
459;260;75
652;677;1
677;652;3
23;51;21
677;652;2
521;268;205
420;495;1
677;652;1
420;495;3
33;709;26
21;20;2
20;21;463
495;420;123
495;420;123
49;48;218
405;688;65
632;491;1
420;495;1
420;495;3
420;495;1
420;495;1
301;300;1
527;314;2
314;527;201
314;527;1
688;405;25
805;459;21
575;50;159
638;554;1
397;212;21
541;367;53
424;785;89
212;397;1
397;212;68
640;172;57
397;212;1
204;64;54
551;640;28
640;95;28
640;172;71
474;304;39
95;640;1
95;640;51
356;210;1
356;210;1
381;416;18
356;210;2
356;185;4
356;210;2
356;210;1
356;210;1
356;185;47
128;208;1
445;199;28
147;492;2
492;147;1
561;631;59
21;20;40
561;631;19
543;403;17
289;578;1
615;507;4
424;785;30
845;228;29
615;507;4
444;801;2
495;420;248
569;465;87
521;268;25
578;289;35
399;469;1
268;521;37
97;578;1
97;578;1
97;578;73
578;97;24
399;469;1
185;356;38
588;395;1
572;505;1
720;342;170
578;289;2
289;578;171
446;106;287
207;560;24
207;560;9
652;677;12
651;623;83
651;623;208
586;774;19
207;560;1
560;207;11
379;339;31
420;495;1
289;578;135
301;300;40
495;420;154
39;622;4
136;137;1
39;622;147
194;294;51
539;526;1
557;419;5
557;8;1
8;557;24
39;622;46
39;622;1
39;622;60
48;49;2
49;48;76
48;49;2
681;634;42
634;681;21
314;527;5
561;173;7
91;90;154
557;419;1
335;278;57
90;91;68
300;301;14
21;20;2
21;20;3
21;20;2
21;20;1
21;20;3
21;20;4
21;20;2
21;20;1
21;20;1
20;21;12
173;561;340
21;20;1
21;20;1
21;20;1
207;677;2
207;677;43
173;561;340
221;324;2
221;324;2
221;324;2
221;324;1
221;324;1
221;324;2
221;324;1
221;324;2
221;324;1
221;324;2
221;324;1
221;324;3
221;324;1
221;324;9
221;324;1
221;324;4
221;324;1
297;374;35
405;688;22
301;300;10
636;473;24
396;641;16
656;179;81
444;402;1
402;444;1
474;639;1
677;652;2
49;357;1
677;207;1
677;207;1
652;677;1
677;652;2
91;90;1
90;91;71
652;677;1
677;652;92
49;357;110
623;651;4
640;95;72
628;116;34
152;405;1
405;152;3
21;20;1
152;405;6
152;405;24
21;20;1
557;419;2
341;504;3
21;20;1
91;90;396
8;557;11
465;569;49
578;289;108
651;623;6
386;92;74
549;161;60
269;543;1
95;640;1
95;640;23
292;325;28
91;90;1
424;266;3
49;357;50
267;403;71
49;357;11
260;459;88
289;578;2
455;282;20
455;282;2
578;289;1
289;578;1
289;578;1
578;289;69
657;236;1
466;269;96
119;175;2
623;651;195
405;152;1
688;405;6
88;254;66
331;257;340
175;119;26
485;472;1
521;268;26
267;403;52
13;583;2
13;583;1
240;406;25
91;90;114
58;672;1
634;681;52
671;813;1
682;405;15
280;485;52
175;119;26
58;672;1
589;291;1
569;465;11
711;200;1
49;48;134
695;317;94
355;538;58
152;688;27
688;405;1
244;25;65
106;446;4
289;578;24
289;578;29
136;137;7
466;412;23
382;218;132
564;254;14
109;308;166
342;372;1
342;372;2
744;80;1
131;280;1
301;300;107
37;36;10
48;49;1
36;37;876
49;357;59
79;201;1
201;79;9
49;357;15
405;688;19
744;80;72
678;470;129
131;280;1
289;578;22
131;809;10
131;280;1
280;131;342
280;131;473
300;301;12
622;39;676
300;301;2
300;301;1
301;300;53
39;622;513
540;265;1
143;310;1
310;143;1
697;202;1
202;697;84
507;615;3
615;507;104
91;90;166
345;396;3
33;242;1
289;578;49
6;27;2
289;578;100
420;495;93
560;359;188
27;6;8
678;470;4
388;506;15
388;506;15
681;634;1
56;506;60
56;506;59
495;420;12
506;56;13
56;506;9
56;506;9
283;580;1
177;100;21
283;441;1
678;470;1
678;470;1
678;470;4
678;470;2
678;470;2
143;310;21
485;472;33
678;470;4
470;678;102
151;69;5
151;69;1
96;583;3
583;96;1
96;583;2
283;580;130
283;441;1
236;472;7
310;143;13
503;13;1
503;13;1
405;688;39
441;283;250
405;688;1
661;683;43
272;166;60
166;272;4
272;166;46
166;272;15
371;578;27
37;36;240
85;446;146
578;371;1
578;371;1
578;371;1
578;371;1
166;272;24
537;472;11
272;166;2
13;503;1
503;13;1
13;503;1
503;13;1
503;13;24
503;13;1
503;13;24
472;194;39
151;69;1
492;147;55
677;324;63
346;636;246
221;107;1
221;107;1
147;492;2
120;314;2
772;218;38
314;120;2
120;314;13
120;314;2
37;36;25
314;120;53
301;300;108
242;33;27
580;283;14
578;176;1
289;578;1
147;492;46
147;492;51
492;147;1
147;492;20
405;688;157
289;578;1
677;207;1
677;207;1
798;472;1
845;486;1
845;486;1
268;521;493
578;176;2
96;109;1
69;263;29
96;780;4
780;96;111
300;301;87
491;208;40
491;285;21
615;507;25
324;221;120
324;263;85
263;221;87
623;651;1203
263;221;2
263;324;15
263;324;8
263;221;3
324;221;2
466;173;6
623;651;179
263;221;4
221;263;39
681;634;13
208;491;1
13;503;260
13;503;1
13;503;260
20;21;1
615;507;42
21;20;18
491;208;39
521;268;463
420;495;306
386;643;1
92;567;1
639;474;1
474;639;26
471;68;1
19;595;155
639;474;25
569;465;70
569;465;13
420;495;18
139;546;3
214;430;14
214;430;72
430;214;2
214;430;25
300;301;2
300;301;3
300;301;1
300;301;1
546;139;157
546;139;157
472;485;29
382;218;800
474;57;2
485;280;40
466;689;3
491;208;4
273;262;114
95;551;1
95;551;2
551;95;48
688;405;1
551;95;19
136;137;81
139;546;54
139;546;55
406;6;104
657;459;61
657;489;117
485;280;1
449;47;84
485;280;12
513;405;18
152;405;9
289;578;35
19;595;246
640;172;713
420;495;1
19;595;227
436;522;8
37;36;174
623;651;572
495;420;126
623;651;349
92;567;1
522;436;1245
36;37;4
106;559;64
37;36;15
681;634;1
634;681;146
401;457;3
457;401;1
401;457;13
401;457;3
379;584;1
601;340;61
207;677;4
707;331;1
267;403;22
52;295;35
688;405;61
560;207;1
560;736;2
207;560;1
560;207;1
736;560;21
202;697;46
471;68;35
448;208;27
634;681;1
688;405;38
681;634;1
325;427;2
325;427;16
36;512;34
164;304;11
681;634;1
678;470;2
567;92;24
634;681;55
145;146;18
666;354;30
666;354;31
88;572;8
560;359;74
359;560;10
289;578;156
788;394;18
551;95;28
639;474;30
557;419;1
331;257;23
551;394;1
394;551;35
90;91;3
623;651;58
331;257;1
325;292;1
449;47;3
301;300;1
586;129;1
491;632;13
263;190;5
263;190;2
49;3;39
192;203;1
133;299;4
133;237;12
37;69;26
578;289;130
436;522;3
93;562;1
47;449;92
152;405;27
152;405;6
703;474;1
272;166;181
397;273;6
136;137;1
137;136;12
144;560;26
560;144;2
218;382;13
401;190;2
500;364;2
364;500;42
617;391;120
144;560;8
266;4;1
266;4;1
266;4;2
4;266;42
266;4;89
531;250;4
359;560;7
531;250;3
681;634;45
222;471;88
250;531;27
634;681;3
358;90;1185
95;640;4
640;95;672
102;364;92
95;172;8
221;52;138
640;95;132
172;95;209
92;567;1
166;165;32
521;268;279
595;19;412
743;100;1
743;100;1
743;100;78
24;82;1
82;24;81
36;512;4
171;49;1
171;49;2
267;403;1
780;96;90
321;322;1
36;512;1
36;512;1
271;178;12
324;263;1
263;324;1
386;92;23
449;47;137
141;97;61
628;116;19
343;262;1
543;269;1
262;343;3
262;343;95
640;172;6
17;807;3
262;343;3
262;343;13
262;343;7
262;343;1
294;52;6
294;52;1
799;549;11
807;17;33
324;263;180
420;495;109
502;66;2
502;66;1
812;179;1
531;250;3
812;179;1
66;502;132
812;179;1
179;812;70
595;19;155
157;528;17
157;772;2
420;495;318
297;374;11
495;420;176
449;47;3
88;254;2
254;88;6
615;507;42
507;615;20
599;645;17
615;507;6
507;615;26
12;244;36
289;578;157
289;578;1
578;289;34
623;651;18
623;651;1
157;772;16
701;413;41
701;413;31
701;413;488
120;314;40
321;322;1
557;419;37
420;98;39
104;288;256
104;288;256
220;360;24
571;556;24
104;288;580
104;288;580
166;272;1
491;208;45
335;278;25
272;166;343
403;267;1
622;39;84
47;449;3
271;178;73
22;668;77
491;208;1
93;481;585
668;22;1
668;22;11
668;22;1
413;248;5
639;474;183
584;379;36
682;405;9
379;584;5
435;782;36
628;116;45
569;465;44
678;470;20
51;75;1
572;505;2
607;334;2
388;506;34
607;334;2
289;578;1
289;578;3
805;63;70
644;312;1
607;334;1
94;158;1
334;607;26
567;676;75
394;788;49
119;122;3
701;174;1
701;174;1
91;90;2
94;158;14
158;688;55
405;152;3
405;152;5
682;405;46
701;174;138
535;240;1
701;174;1
701;174;102
289;578;5
301;300;15
48;49;1
48;49;1
49;48;178
623;651;4
401;190;1
651;623;723
190;401;28
304;164;1
549;799;30
225;337;59
120;314;25
301;300;15
703;474;1
474;703;53
598;70;130
256;553;1
492;12;2
331;257;139
256;553;1
492;12;1
19;47;286
785;424;1
424;785;2
158;94;228
785;424;1
561;631;307
688;178;454
144;560;43
512;36;249
491;208;5
144;560;6
300;301;45
90;358;4
358;90;384
23;51;2
23;51;2
36;37;2
39;622;122
521;268;19
227;174;1
227;174;1
227;174;1
201;355;1
289;578;25
572;505;331
300;301;19
634;681;53
571;556;186
457;401;1
401;190;1
457;401;38
457;401;22
21;20;1
258;561;154
299;237;43
63;805;39
37;36;1
258;561;154
36;37;1
37;36;408
12;244;1
90;64;23
90;91;155
90;358;5
90;358;34
90;358;1
90;91;5
90;91;2
91;90;203
37;36;33
427;325;1
427;325;1
300;301;1
221;4;17
49;48;3
90;91;348
799;549;66
799;549;14
394;788;37
106;672;1
106;446;463
48;49;1
98;495;1
98;495;1
98;420;297
645;155;1
90;358;58
420;98;356
678;470;1
190;401;8
695;215;17
485;180;58
37;301;43
358;90;700
382;218;1
495;98;5
98;495;169
495;98;1
98;495;169
90;91;762
354;666;10
354;666;10
354;666;9
354;666;8
592;8;1
218;382;91
90;358;15
69;37;11
485;180;1
98;420;382
805;63;63
420;98;200
598;263;1
485;472;1
485;472;108
19;47;1
19;595;2
495;420;4
495;420;3
420;495;260
227;436;1
485;180;24
485;180;16
185;356;3
472;611;19
651;623;151
569;465;33
263;401;82
401;263;108
379;584;4
582;339;54
301;300;1
272;166;1
263;308;78
263;625;1
436;227;3
263;401;1
263;401;333
645;235;83
133;744;32
235;786;1
272;166;39
263;308;94
235;786;16
263;625;1
263;625;1
625;263;113
308;109;1
688;158;342
166;272;5
263;217;62
405;682;220
221;348;65
272;166;18
263;173;6
221;672;53
263;173;85
324;589;49
263;308;3
263;308;83
569;465;1
221;300;50
52;259;30
449;47;1
221;381;1
52;418;38
36;524;76
221;344;3
52;692;39
465;569;3
52;692;40
569;465;91
263;457;72
221;344;70
52;295;46
420;495;859
36;37;2
176;797;40
221;381;1
324;395;68
221;266;4
221;15;88
657;489;53
52;653;54
263;109;67
266;221;1
52;541;57
266;221;58
39;622;4
263;550;72
221;381;1
786;128;1
263;190;53
128;786;150
221;100;40
221;743;60
221;381;1
221;381;1
221;4;70
263;372;2
221;373;60
263;372;69
52;513;55
221;381;1
262;92;101
551;95;46
639;474;1
262;397;55
561;258;91
272;166;26
262;754;68
221;381;1
262;95;52
262;273;58
221;381;1
622;39;10
49;48;68
221;58;92
262;551;50
551;95;60
144;560;210
381;221;246
39;622;75
272;166;13
289;578;15
381;221;129
289;578;68
221;598;32
128;208;49
449;47;34
561;258;2
561;258;91
46;47;21
561;258;4
147;492;54
19;595;188
289;578;65
301;37;53
519;663;43
37;36;374
492;13;1
492;13;1
297;374;53
492;606;268
424;266;7
480;556;4
88;378;1
378;88;23
615;507;1
507;615;3
507;615;3
615;507;114
507;615;70
556;480;191
69;186;25
378;88;21
88;627;1
122;175;1
122;175;4
561;258;1
561;258;1
551;95;24
634;681;96
6;406;107
424;266;60
122;175;1
243;217;1
243;217;1
243;217;1
243;217;1
243;217;2
424;785;3
424;785;92
37;301;62
109;457;19
785;424;1
785;424;59
98;495;168
785;424;24
495;420;134
645;235;1
235;645;93
109;457;10
109;457;35
109;457;4
109;457;1
645;235;1
235;645;3
109;457;4
109;96;123
109;96;123
109;457;19
109;457;6
109;457;40
37;301;1
109;457;7
109;457;5
109;457;1
109;457;1
736;560;1
560;736;1
736;560;39
297;374;28
36;37;1
36;401;3
36;401;250
37;36;1
37;36;6
364;102;7
364;102;6
95;551;7
364;102;23
364;102;23
246;188;1
23;51;36
173;631;83
282;455;2
297;374;4
374;297;40
331;257;3
257;331;33
235;786;45
335;278;1
278;335;3
21;20;1
21;20;1
335;278;15
21;20;1
21;20;1
374;297;17
144;560;1
545;830;34
481;93;1
560;144;1
638;554;1
666;354;2
666;354;1
560;207;1
467;207;1
578;289;2
339;379;1
339;379;27
339;584;5
379;339;23
133;744;36
774;586;41
507;615;51
507;615;31
578;289;1
449;47;39
360;220;1
91;90;23
507;615;3
176;578;125
91;90;5
91;90;1
507;615;11
676;567;1
543;269;1
269;543;48
115;13;1
47;449;33
390;683;92
47;449;18
47;46;38
304;57;2
304;494;1
326;311;1
676;567;1
419;557;1
419;557;1
419;557;1
676;567;65
47;46;18
339;582;4
582;339;16
531;250;48
308;109;81
687;265;68
308;109;81
263;221;1
670;344;85
578;97;1
578;97;2
492;606;1
569;465;41
308;109;91
308;109;91
47;449;4
47;449;3
144;560;173
203;192;41
4;221;1
783;328;1
4;221;1
4;221;12
221;4;5
4;221;1
681;111;1
531;595;2
681;373;159
225;436;1
494;57;34
81;263;1
492;606;29
266;424;2
424;266;112
681;373;34
6;27;1
225;197;4
197;225;149
744;133;1
424;785;2
301;186;1
744;133;111
186;301;59
243;648;44
681;373;16
301;69;1
606;492;25
301;186;40
424;785;2
424;785;1
561;631;135
301;69;66
478;510;1
510;478;8
492;606;36
478;510;27
109;96;19
131;485;1
485;131;1
131;485;61
109;96;18
46;47;1
46;47;1
492;606;25
521;358;1
622;39;1
243;648;99
591;417;1
591;417;1
39;622;4
622;39;291
243;657;72
278;335;38
243;657;5
657;243;73
301;37;3
301;69;81
3;357;4
14;421;33
351;798;29
785;424;309
259;418;2
301;37;2
259;418;1
301;69;35
37;301;80
457;109;14
697;202;73
559;453;60
559;453;65
335;278;37
108;136;184
631;561;2
561;631;41
268;267;37
135;605;1
108;136;141
441;283;1
311;326;54
311;326;1
283;441;1
678;470;1
678;470;1
561;631;1
678;470;2
358;521;1
561;631;26
678;470;2
678;470;16
521;358;1
567;676;44
95;172;1
74;49;2
567;676;32
567;386;1
386;567;1
567;92;48
405;688;1
49;74;12
449;46;2
534;360;120
288;49;2
288;49;1
288;49;41
567;92;1
567;386;43
288;49;41
108;136;2
605;135;2
108;136;3
108;136;2
108;798;1
288;49;2
288;49;1
798;108;87
288;49;1
676;92;2
351;519;1
351;28;1
288;49;1
136;108;1
108;136;39
167;423;1
666;354;3
666;354;1
423;167;2
423;167;11
423;167;1
423;167;11
90;358;1
358;521;3
639;474;1
589;291;19
354;666;62
354;666;62
474;639;4
639;474;14
358;90;812
774;586;107
682;405;6
682;405;5
351;28;31
567;676;43
405;682;27
88;378;1
88;572;3
254;564;2
572;88;130
676;567;4
364;500;1
364;687;25
237;299;57
541;351;50
541;351;40
701;174;1
351;798;210
586;774;1
289;578;20
521;268;250
736;207;38
174;701;20
736;207;8
774;586;44
88;505;2
357;49;6
617;279;29
351;677;7
351;677;101
48;49;3
3;49;2
461;143;42
48;3;5
48;49;3
3;48;34
136;137;52
588;76;41
709;33;47
33;242;2
242;33;62
62;364;67
578;289;10
25;766;1
279;617;2317
25;766;5
25;766;116
354;666;16
354;666;15
176;141;6
395;291;1
291;395;1
709;33;100
401;288;1
401;288;7
176;578;50
96;470;18
92;567;10
146;611;4
560;359;7
560;736;1
560;207;1
405;152;2
405;688;39
207;736;2
280;472;30
37;36;1
37;36;1
37;36;2
688;178;1
688;405;21
13;699;3
13;699;1
564;254;1
254;564;1
482;444;189
482;444;190
101;291;1
36;37;142
331;257;49
491;422;1
491;422;31
491;422;4
422;491;63
631;561;10
39;622;819
698;499;4
491;422;46
331;257;3
331;257;1
499;698;65
499;698;1
499;698;398
136;137;1
512;1;3
20;21;1
21;20;7
575;59;1
575;59;1
575;59;1
575;59;1
575;59;1
575;59;1
575;59;1
575;59;1
575;59;1
575;59;1
575;59;1
575;59;1
678;470;3
611;146;1
575;59;27
67;785;1
149;359;1
359;149;11
424;266;3
424;4;2
785;67;25
274;510;1
711;200;100
6;406;1
639;474;1
4;424;1
640;172;1
474;639;349
190;372;214
600;374;1
600;374;1
289;578;2
289;578;3
578;289;59
802;5;1
6;406;3
802;5;95
146;145;1
4;344;1
4;344;1
146;145;2
701;413;8
90;358;1
358;90;1
90;358;1106
289;578;18
289;578;41
289;578;74
289;578;54
4;344;1
4;344;11
703;474;108
143;310;4
143;310;3
561;631;131
622;39;58
6;406;3
39;622;81
466;173;2
37;36;175
37;36;175
173;466;88
499;63;30
202;697;49
39;622;42
616;6;20
6;27;2
521;268;80
242;33;1
242;33;2
274;510;16
33;242;65
37;301;2
805;499;36
559;204;1
598;694;30
559;204;48
69;37;37
445;624;73
445;624;54
21;20;1
21;20;1
21;20;3
21;20;1
274;440;39
289;578;1
578;289;1
578;289;4
578;289;34
260;459;13
300;301;1
300;301;1
274;440;4
440;274;41
3;357;1
93;481;2
661;683;1
661;683;31
661;683;119
802;5;31
578;176;107
617;279;46
557;419;1
146;145;1
557;8;1
557;8;1
146;145;1
146;145;1
20;21;18
20;21;8
4;424;1
278;335;18
21;20;1
21;20;9
20;21;28
419;557;3
145;146;887
419;557;1
419;557;2
419;557;1
557;419;1
278;335;17
419;557;192
419;557;192
267;269;166
221;4;24
774;586;11
221;4;28
578;289;75
331;257;3
331;257;3
289;578;40
47;449;7
47;449;3
331;257;3
405;682;32
682;405;37
682;405;10
137;454;1
137;454;1
91;90;80
137;454;1
359;560;61
424;266;1
137;454;1
137;454;1
454;137;486
424;785;53
424;4;2
701;174;1
21;20;2
20;21;22
4;424;1
331;257;3
677;351;270
677;351;1
424;4;119
351;677;8
165;166;15
91;64;3
785;424;1
436;522;1
359;560;1
322;113;1
694;598;1
522;436;2784
424;785;2
785;424;117
436;522;19
522;436;1
436;522;136
436;522;55
459;260;6
522;159;371
522;436;1
436;522;103
522;436;1515
289;578;1
258;561;1
267;403;3
403;267;40
258;561;4
139;672;38
183;685;2
258;561;1
388;481;9
258;561;5
623;651;4
227;174;99
651;623;215
225;574;1
4;507;2
623;651;449
479;492;1
300;301;1
300;301;1
300;301;52
492;479;4
492;479;2
289;578;122
578;97;2
225;574;1
386;567;1
643;386;110
90;91;1
91;90;38
278;335;1
419;557;111
448;185;71
419;557;111
628;116;37
335;278;46
584;582;2
584;582;22
289;752;43
289;578;1
405;688;36
47;46;250
289;578;1
278;335;13
448;149;1
289;578;1
448;149;38
578;289;83
405;152;2
278;335;31
289;752;3
301;69;15
152;405;49
424;785;2
785;424;81
424;266;1
144;560;56
785;67;14
424;4;1
364;102;37
364;102;37
521;268;69
149;448;25
4;424;19
650;136;166
448;149;53
561;631;218
424;4;119
48;49;1
49;48;3
782;465;1
465;782;41
47;46;29
491;208;3
651;623;1
225;574;1
682;405;10
13;583;1
13;583;1
39;622;459
37;69;39
149;448;1
149;448;1
448;149;45
786;235;99
786;235;196
272;166;2
639;474;11
682;330;1
682;330;1
682;330;17
666;354;54
666;354;54
703;845;67
289;578;3
354;666;23
90;91;5
91;90;1
420;495;1
495;420;4
289;578;29
90;91;184
628;468;1
628;116;43
436;225;4
289;578;13
69;133;18
85;106;9
341;504;1
341;504;1
341;504;1
85;106;5
85;106;11
85;106;38
474;639;34
85;106;3
682;405;1
405;682;2
405;682;1
682;405;20
405;682;2
405;682;2
405;682;2
495;420;89
85;106;1
85;106;6
595;19;75
85;106;7
85;106;1
465;569;34
595;19;30
623;651;1
165;781;1
165;781;1
289;578;2
688;158;1
688;158;1
665;572;489
651;623;1
688;158;1
688;178;1
178;688;1
688;178;21
379;339;15
682;405;59
560;359;1
360;220;87
144;560;26
681;634;7
49;48;2
37;69;1
37;69;1
490;797;2
300;301;1
300;301;23
474;90;4
688;405;12
799;549;18
207;736;33
688;405;3
48;49;1
48;49;1
557;419;1
634;681;24
13;583;2
13;583;1
583;13;481
106;672;1
583;13;482
342;720;1
37;301;1
66;502;20
634;681;2
681;634;10
37;301;143
37;69;143
495;420;781
268;521;2
48;49;1
85;446;9
380;704;776
358;90;1
23;51;2
200;711;2
23;51;3
200;711;2
23;51;2
51;23;19
49;48;184
19;47;5
19;47;118
211;736;9
48;49;126
186;52;6
300;301;59
85;106;347
144;560;1
560;144;9
560;144;267
560;144;1
560;144;1
560;144;2
358;90;5
144;560;1
454;259;1
37;301;28
37;301;6
235;599;1
235;599;1
335;278;1
454;259;1
578;176;1
578;289;307
636;473;1
636;473;1
636;473;1
636;473;1
636;473;2
636;473;77
636;473;1
636;473;77
687;540;303
37;301;1
37;348;1
52;472;1
472;52;7
472;52;38
449;47;2
299;237;2
299;237;5
47;449;17
47;449;11
37;36;1
299;144;4
144;299;4
250;531;1
250;531;1
250;531;1
250;531;7
48;49;2
49;48;2
250;531;9
250;531;3
250;531;66
388;195;1
388;195;69
364;102;1
237;299;1
364;102;2
374;297;52
678;470;2
517;252;60
374;297;23
470;678;46
678;470;1
678;470;5
678;470;8
388;506;10
289;578;4
578;289;281
104;470;60
297;374;12
272;166;1
166;272;5
144;560;1
560;144;6
557;419;1
419;557;30
557;419;2
405;682;11
572;665;22
419;557;30
144;560;87
158;94;1
178;682;1
94;158;1
178;682;3
94;158;31
846;374;27
186;69;1
158;688;101
243;714;4
152;405;45
634;681;64
301;69;2
207;736;4
48;49;103
405;152;2
289;578;3
69;268;1
96;780;190
628;116;45
301;37;1
268;69;2
676;567;1
47;449;3
13;115;26
449;47;83
466;173;149
47;46;2
47;46;2
37;36;110
37;36;110
301;300;45
69;268;133
116;628;35
736;560;76
171;208;114
185;356;1
36;37;1
36;37;1
36;37;17
36;37;17
157;772;1
405;682;2
49;3;63
289;578;1
567;676;60
356;185;25
578;176;2
578;176;1
331;257;37
578;289;184
578;176;3
171;208;19
176;578;2
176;578;1
444;39;176
137;136;12
595;19;137
639;474;1
474;639;3
474;639;1
175;122;1
39;622;6
673;188;17
622;39;118
639;474;1
632;274;44
474;639;173
225;574;1
102;364;2
331;707;23
627;180;50
424;670;4
153;612;5
153;612;5
144;560;23
144;560;1
300;301;13
634;681;1
670;424;98
19;595;2
670;424;52
595;19;173
221;75;76
221;75;76
23;485;1
500;142;2
102;364;34
102;364;34
512;1;16
584;339;20
652;677;49
297;374;31
263;342;48
263;342;18
299;237;46
254;665;6
572;254;1
254;665;35
572;254;1
91;90;4
424;266;3
664;51;43
190;193;27
736;560;1
560;736;10
190;372;32
301;300;21
485;48;16
485;682;2
485;405;1
683;390;2
390;683;106
3;357;1
3;357;36
612;153;27
612;153;1
153;612;1
612;153;45
601;340;1
116;628;19
628;116;1
628;468;1
322;321;178
628;116;19
206;428;1
405;485;22
51;664;2
52;294;1
37;301;25
37;69;2
356;185;7
324;68;1
363;252;1
144;560;1
144;560;1
6;27;2
144;560;1
1;208;174
180;627;1
371;300;73
600;499;3
27;6;1
6;27;4
27;6;97
600;499;3
1;208;6
335;278;2
208;1;2
455;282;6
449;47;65
449;47;72
47;449;1
640;95;3
172;95;22
687;310;10
301;300;1
39;622;3
601;483;133
683;390;18
676;567;1
676;567;1
676;567;1
676;567;1
676;567;1
39;622;2
96;109;7
96;109;6
96;109;35
96;109;2
578;97;1
424;266;1
569;465;1
310;265;56
465;569;43
397;212;22
92;386;39
212;397;25
527;699;3
441;461;1
461;441;137
699;527;6
699;527;1
527;699;1
527;699;9
527;699;42
268;521;2
268;521;3
337;225;1
622;39;64
39;622;2
622;39;236
69;186;14
289;578;75
16;572;1
561;631;1
322;321;178
455;129;1
129;455;3
455;129;1
580;283;1
580;441;31
540;687;1
540;265;19
405;682;4
405;682;3
640;172;1
405;682;2
474;90;4
90;474;51
634;681;1
651;22;65
474;90;5
289;578;17
48;49;1
586;180;1
48;49;1
441;283;1
91;90;4
91;90;3
119;105;46
119;325;1
5;802;2
379;584;3
379;584;3
584;379;24
465;569;6
48;49;2
592;8;31
48;49;2
49;48;72
268;269;2
96;780;3
314;120;63
74;470;3
74;470;1
74;470;2
74;470;4
74;470;4
74;470;30
179;193;1
268;521;19
268;69;1
682;405;32
266;4;44
682;405;57
720;342;16
144;560;1
560;144;1
682;405;18
472;485;1
193;179;1
325;427;1
90;91;43
179;193;36
472;537;19
537;472;23
37;36;73
561;631;1
37;36;74
622;39;69
640;95;2
172;95;79
394;542;41
527;699;1
527;699;84
33;242;48
95;172;26
578;289;2
252;517;184
527;699;11
136;137;1
269;268;203
527;699;14
91;90;80
640;95;4
289;578;4
395;589;6
172;95;4
137;136;13
774;586;1
289;578;66
178;271;51
394;542;35
711;348;30
136;137;1
137;136;50
137;136;15
144;4;17
683;363;1
677;700;1
51;664;126
492;147;1
561;631;205
147;492;111
13;219;1
15;672;1
21;20;1
21;20;1
21;20;1
21;20;1
21;20;1
21;20;7
15;672;14
492;147;1
104;288;62
672;15;1
15;672;1
672;15;55
104;288;62
688;405;1
405;688;2
688;405;26
147;492;103
444;402;1
444;402;3
39;622;86
47;46;133
802;5;1
104;288;1
104;288;5
104;288;5
402;444;18
402;444;18
49;48;1
372;342;56
49;48;1
48;49;77
21;20;68
96;470;33
672;85;239
331;257;51
504;341;38
561;631;54
47;449;15
394;542;1
394;542;2
542;394;31
578;641;1
578;641;1
521;268;27
47;46;50
405;688;45
504;341;52
225;337;2
641;578;68
337;225;93
683;390;2
595;19;209
578;289;211
561;631;1
335;278;2
335;278;2
341;504;24
449;47;49
47;449;1
278;335;28
278;335;16
335;278;11
561;631;32
390;683;1
683;390;120
578;289;1
578;641;1
641;578;25
578;289;61
268;521;37
237;299;95
158;688;143
482;444;957
289;578;2
482;444;957
289;578;1
578;289;54
46;47;26
327;105;1
327;105;1
578;176;1
155;350;3
327;105;1
256;65;70
6;27;1
27;6;1
140;224;15
140;224;15
560;736;39
327;105;45
327;105;9
492;13;1
634;681;1
634;681;1
28;508;3
578;176;1
105;175;61
119;122;154
71;593;41
578;176;2
28;508;27
137;136;12
634;681;1
136;137;1
105;175;61
106;85;2
634;681;35
572;665;102
243;648;12
634;681;123
12;492;64
634;681;16
119;105;1
119;122;34
58;672;110
15;58;70
15;58;77
289;578;2
185;356;21
105;327;1
119;105;4
105;119;14
111;373;60
631;561;3
97;333;30
111;373;30
578;289;42
97;333;59
578;289;15
268;521;1
15;672;1
468;116;35
405;688;1
405;688;1
780;470;1
151;333;1
333;151;23
157;772;81
252;363;94
21;20;169
289;578;10
692;702;1
692;702;2
598;694;4
702;692;1
640;95;13
702;692;1
692;702;73
692;702;73
692;702;27
692;702;27
677;700;2
315;552;1
315;552;1
449;47;67
480;556;473
169;288;10
169;288;1
288;169;1
169;288;42
169;288;42
190;372;60
492;12;1
492;147;92
640;172;2
169;288;8
169;288;1
372;342;55
225;197;38
299;237;128
147;492;38
47;449;35
147;492;58
492;147;23
147;492;9
356;210;1
356;185;1
356;185;71
356;185;1
356;185;72
736;560;1
435;782;7
640;172;116
702;637;43
661;413;89
58;15;4
58;15;4
560;736;4
736;560;32
634;681;386
225;337;1
337;225;52
846;191;23
736;560;15
736;207;1
449;47;3
652;677;106
677;652;14
678;470;434
413;661;25
830;140;67
140;830;2
140;830;2
449;47;18
449;47;94
147;492;25
12;25;29
351;28;1
47;449;103
47;449;15
47;449;100
28;351;49
351;28;72
351;28;41
480;556;1320
449;47;49
289;578;1
289;578;1
250;531;3
250;548;5
250;548;4
250;531;4
250;548;1
190;288;1
190;288;1
190;104;1
190;401;22
190;401;1
190;401;39
527;314;1
527;314;2
678;470;1
678;470;2
678;190;13
225;337;2
207;736;2
13;11;2
617;279;4
74;104;1
217;401;10
372;401;22
470;678;79
300;301;89
300;301;26
210;185;38
104;288;1
104;288;7
37;301;1
37;301;1
503;524;12
503;524;1
301;37;48
357;3;1
12;13;1
140;830;30
36;37;280
36;37;281
441;283;1
441;283;33
692;702;1
133;744;102
692;702;4
351;28;17
351;28;19
485;166;71
485;3;210
560;736;1
785;67;1
802;5;1
524;503;5
524;503;1
785;67;145
736;560;42
678;470;2
543;403;12
572;505;1
572;505;1
678;470;1
678;470;2
470;678;291
572;505;1
424;266;3
424;266;4
424;266;385
47;449;35
47;46;43
47;46;1
47;449;1
638;554;209
220;360;35
360;352;1
360;352;1
3;357;32
7;791;1
465;569;1
683;390;2
678;190;1
743;300;213
68;471;2
446;106;1
106;446;3
446;106;1
106;446;1
106;446;1
106;446;1
106;446;3
436;225;1
225;436;42
225;436;42
736;560;9
3;49;2
3;49;21
106;446;5
707;331;15
736;207;21
207;736;3
207;736;2
207;736;2
736;207;35
640;95;2
95;640;3
301;300;1
95;640;3
301;300;1
424;266;3
424;266;2
424;670;3
266;424;2
424;266;101
289;578;2
444;402;2
402;444;33
736;207;56
560;359;1
91;90;3
67;785;2
785;67;678
79;117;1
444;402;21
424;670;9
448;208;17
48;49;96
560;359;55
674;673;1
47;449;3
578;289;94
260;459;1
459;260;318
47;449;38
136;654;41
359;560;1
359;560;1
207;560;24
560;207;43
736;560;28
36;37;623
36;37;623
225;337;68
145;146;1032
560;207;70
560;359;1
359;560;1
480;556;749
480;556;5
556;480;2
480;556;602
480;556;709
459;260;8
446;106;1
106;446;328
634;681;1
634;681;1
634;681;1
634;681;1
225;337;1
300;301;43
485;3;1
357;3;1
578;289;582
622;39;96
622;39;23
39;622;77
601;340;86
152;405;16
220;352;2
152;405;2
152;405;5
666;354;1
354;666;14
666;354;1
354;666;14
444;402;17
220;374;144
220;352;51
330;682;3
250;531;69
595;19;1
321;322;723
651;623;1
623;651;156
106;446;1
147;492;27
490;797;2
300;301;17
797;490;34
681;634;1
420;495;154
394;788;67
91;90;233
634;681;1
415;644;8
681;634;1
634;681;15
397;273;6
273;585;81
273;585;1
554;638;11
652;677;87
474;639;1
420;495;65
652;677;1
3;357;32
98;420;1
687;265;31
98;420;78
495;420;18
49;357;51
47;449;1
449;47;262
47;449;78
405;152;27
403;543;30
640;172;596
47;449;4
683;390;3
744;133;18
129;586;17
37;301;2
682;405;40
785;424;1
424;785;37
19;595;30
688;405;1
300;301;9
289;578;2
578;289;1
578;289;2
289;578;1
578;289;1
289;578;2
578;289;413
335;278;2
335;278;1
278;335;18
480;210;1
90;91;34
210;480;1
480;210;50
13;12;1
688;405;38
12;13;4
13;12;1
13;12;1
13;12;52
91;90;11
569;465;30
703;474;1
423;644;20
474;703;66
144;560;1
560;144;55
37;301;38
321;322;723
548;531;1
146;176;170
634;681;79
48;49;145
208;491;66
272;295;4
491;208;30
405;688;13
20;21;42
354;666;23
354;666;23
422;208;11
354;666;26
354;666;25
144;560;1
144;560;1
185;210;1
144;560;1
632;274;1
16;572;4
48;49;140
48;49;32
785;424;887
560;736;24
492;606;404
551;95;27
551;172;6
652;677;1
677;652;83
652;677;16
358;521;1
37;36;42
37;36;42
37;36;1
584;379;16
628;116;39
682;383;4
682;383;3
383;682;51
37;69;1
297;374;8
69;37;21
85;106;1
85;106;2
321;322;18
85;106;1
427;325;36
736;560;23
578;289;109
444;402;1
464;220;72
490;682;1
91;90;174
449;47;4
47;449;93
628;116;1
666;354;30
666;354;30
116;628;33
4;344;1
4;344;13
637;702;38
37;301;1
48;49;47
263;221;17
812;179;1
812;179;1
466;173;1
628;116;1
95;598;1
491;632;40
95;598;3
179;812;1
173;466;144
804;533;1
474;639;1
344;4;99
96;780;2
428;206;9
376;114;22
474;639;179
85;446;4
244;12;49
244;766;8
90;91;101
85;446;567
648;243;864
466;173;11
557;419;58
557;419;58
91;90;62
521;358;1
48;49;62
358;521;25
190;342;2
177;100;13
335;278;2
658;699;1
321;322;19
278;335;10
278;335;1
278;335;3
278;335;1
507;615;3
615;507;60
85;446;4
85;446;4
85;446;4
85;446;4
207;677;1
299;237;67
578;176;8
578;176;1
176;578;156
651;623;5
37;301;4
300;301;2
441;580;1
580;441;95
623;651;1058
39;622;3
622;39;87
266;221;127
300;301;19
300;301;2
300;301;32
289;578;3
21;20;6
21;20;2
21;20;2
21;20;2
20;21;46
21;20;2
678;470;2
678;470;1
678;470;16
88;665;1
239;357;17
91;90;188
289;578;2
100;15;2
100;344;33
100;15;2
448;356;1
356;448;124
448;356;2
133;744;106
356;448;123
133;69;1
69;133;1
136;137;1
133;299;1
299;133;33
176;578;48
485;415;66
446;106;150
557;419;3
19;595;135
557;419;1
557;8;19
289;578;1
585;273;2
374;297;29
569;465;28
382;218;28
21;20;17
289;578;2
444;801;1
21;20;1
21;20;1
21;20;1
21;20;1
20;21;53
356;185;1
356;210;1
106;672;38
21;20;33
96;780;17
20;21;11
21;20;14
20;21;5
535;614;20
266;424;85
480;210;1
278;335;3
278;335;60
210;480;45
47;449;31
4;221;1
4;221;49
278;335;73
4;743;12
321;322;1
300;301;2
300;301;75
278;31;1
744;133;74
830;257;4
830;118;43
289;752;3
289;578;3
166;165;18
651;623;1
47;449;1
47;449;13
446;85;226
90;91;60
267;269;2
446;85;678
91;90;171
561;631;1
91;90;135
702;637;74
631;561;1
90;91;19
19;595;86
90;91;131
702;637;3
91;90;4
561;631;190
269;267;124
491;208;74
90;91;241
459;260;6
260;459;132
90;91;131
696;306;636
623;651;51
289;578;1
88;324;22
278;335;3
278;335;2
634;681;1
331;707;18
707;331;13
300;301;63
39;622;252
4;266;59
560;736;1
4;266;7
4;424;14
4;424;1
424;4;110
682;330;1
531;250;27
121;288;1
121;288;1
297;374;3
374;297;27
572;665;107
420;495;1
22;668;1
480;210;46
595;19;319
572;254;3
254;572;36
736;560;1
356;210;1
356;210;1
356;210;1
356;210;1
356;185;4
668;22;1
356;210;1
356;185;1
495;420;208
560;736;19
537;472;5
170;843;1
645;235;37
492;479;5
586;774;11
736;207;1
104;288;1
207;736;25
468;116;3
468;628;4
468;628;2
22;668;40
435;782;2
383;682;1
481;93;1
421;111;3
421;111;2
383;330;1
111;421;114
116;468;27
441;580;1
441;283;1
330;383;32
383;330;1
744;381;10
600;499;134
21;20;1
21;20;2
20;21;21
20;21;29
677;634;3
677;681;25
207;560;12
799;549;25
225;522;4
47;449;46
331;257;3
606;492;171
98;420;42
505;572;3
505;572;2
424;670;13
572;505;23
399;469;1
399;469;1
399;469;1
670;424;1
49;48;340
47;449;67
650;136;11
48;49;24
595;19;60
38;261;5
419;557;1
225;337;166
47;449;1
225;574;112
459;260;2
799;549;43
491;208;41
449;47;1
47;449;31
225;197;1
137;136;65
197;225;194
289;578;1
47;46;42
225;197;2
137;136;1
402;444;11
136;137;17
197;225;66
289;578;30
569;465;39
640;172;96
208;491;92
632;491;21
137;136;18
136;137;1
137;136;1272
289;578;279
49;48;103
49;48;30
13;12;2
197;225;26
208;632;3
401;666;65
401;666;64
491;632;1
273;397;135
491;208;5
449;47;4
491;285;10
117;79;193
491;208;24
632;208;72
522;225;86
491;208;15
289;578;50
335;278;24
405;688;1
688;405;255
136;137;5138
455;809;5
455;809;2
561;631;1
561;173;6
91;90;1
90;91;41
681;111;1
111;681;58
681;111;1
681;111;1
111;681;51
681;111;1
111;681;99
136;137;11
136;137;3022
623;651;110
137;136;43
297;374;1
98;420;1
499;63;41
374;297;36
623;651;5
623;651;7
405;688;1
688;405;21
623;651;174
623;651;176
480;210;10
424;266;3
266;424;96
246;188;53
636;473;165
623;651;4
830;118;1
289;578;155
405;682;1
289;578;3
578;289;1
289;578;65
628;116;7
578;289;194
682;405;1
472;537;1
269;543;1
419;557;1
651;623;1
419;557;1
390;683;283
681;634;1
681;634;1
623;651;4
697;202;14
606;492;32
282;455;1
561;173;1
262;754;48
492;606;30
651;623;232
405;152;1
405;152;53
297;374;11
173;561;117
152;405;7
678;470;111
268;280;27
682;383;101
49;3;164
736;207;25
382;218;1
382;218;14
21;20;44
268;280;16
470;678;1
218;382;98
49;48;1
48;49;2
69;301;41
707;331;13
677;207;1
688;405;39
688;405;32
126;537;3
537;126;20
537;126;16
692;702;1
702;692;28
692;702;3
702;692;28
49;48;172
297;441;2
485;179;1
48;49;3
221;373;47
207;677;24
48;49;2
49;48;32
378;476;1
378;476;1
485;179;1
784;547;53
578;289;5
220;374;1
736;207;1
179;485;25
359;560;1
221;373;22
492;479;28
560;359;2
560;207;1
263;176;23
578;289;2
359;560;1
289;578;18
677;207;1
290;342;76
371;532;86
260;459;1
521;268;17
100;15;82
485;3;1
254;378;8
88;254;3
88;378;9
254;378;6
254;378;6
254;378;13
254;378;1
254;378;1
254;378;1
254;378;1
254;378;6
254;378;6
254;88;3
88;254;2
3;485;20
534;360;4
100;15;14
360;534;3
534;360;6
360;534;59
354;666;11
254;378;2
254;378;3
623;651;1
88;378;1
651;623;150
88;476;1
606;492;1
108;798;10
688;158;2
666;354;1
158;688;86
278;335;3
378;88;26
15;344;1
15;344;1
378;254;3
623;651;266
666;354;1
485;3;10
378;476;1
378;476;1
378;476;1
378;476;1
378;476;1
378;88;123
378;88;18
378;476;1
401;666;1
401;666;1
237;299;2
688;405;1
299;237;72
344;15;5
521;268;13
280;268;25
268;280;25
268;280;33
424;785;1
586;180;116
325;427;211
268;521;2
37;301;63
37;69;60
586;180;23
344;670;1
586;774;1
586;180;144
158;688;5
244;454;30
688;158;97
299;237;44
48;49;42
299;237;7
79;117;143
280;131;227
331;257;28
20;21;94
48;49;5
774;586;1
48;49;5
100;344;4
100;552;32
48;49;2
331;707;1
331;257;1
49;48;192
15;416;1
100;552;1
100;552;22
48;49;2
48;49;374
136;137;1
378;254;2
254;378;17
117;79;4
79;117;192
766;25;1
521;268;59
631;173;9
534;360;1
534;360;24
179;180;19
268;521;3
666;401;28
666;354;1
401;666;108
102;364;5
364;102;120
354;666;1
774;586;1
360;534;4
691;615;218
15;416;51
43;35;2
666;401;28
401;666;108
268;611;5
611;268;24
268;611;54
558;162;1
611;706;2
91;90;79
91;90;49
91;90;4
90;91;98
611;706;2
706;611;1
706;611;1
611;706;37
220;83;61
661;683;1
96;780;30
461;441;1
578;289;1
225;574;444
121;288;82
121;288;82
21;20;1
96;470;73
176;578;71
600;374;53
49;48;296
49;48;812
665;572;2
572;665;176
637;253;55
491;632;21
634;681;34
21;20;3
21;20;32
21;20;14
21;20;4
267;268;196
694;598;2
694;598;1
499;698;8
598;694;45
499;698;1
698;499;68
598;694;42
466;173;6
90;91;81
799;549;62
90;91;7
225;197;18
354;666;791
798;108;99
798;108;54
569;465;2
569;465;1
569;465;2
569;465;1
569;465;1
569;465;1
569;465;1
569;465;1
465;569;42
706;401;47
706;401;64
202;697;12
169;401;157
169;401;7
169;401;286
401;169;1
169;401;244
169;401;71
169;401;20
546;139;83
546;139;83
706;401;78
218;382;48
561;631;13
323;392;4
323;392;3